id,referrer,device,bouncers,n_visit,n_pages,duration,country,purchase,order_items,order_value
1,google,laptop,TRUE,10,1,693,Czech Republic,FALSE,0,0
2,yahoo,tablet,TRUE,9,1,459,Yemen,FALSE,0,0
3,direct,laptop,TRUE,0,1,996,Brazil,FALSE,0,0
4,bing,tablet,FALSE,3,18,468,China,TRUE,6,434
5,yahoo,mobile,TRUE,9,1,955,Poland,FALSE,0,0
6,yahoo,laptop,FALSE,5,5,135,South Africa,FALSE,0,0
7,yahoo,mobile,TRUE,10,1,75,Bangladesh,FALSE,0,0
8,direct,mobile,TRUE,10,1,908,Indonesia,FALSE,0,0
9,bing,mobile,FALSE,3,19,209,Netherlands,FALSE,0,0
10,google,mobile,TRUE,6,1,208,Czech Republic,FALSE,0,0
11,direct,laptop,TRUE,9,1,738,Jamaica,FALSE,0,0
12,direct,tablet,FALSE,6,12,132,Estonia,FALSE,0,0
13,direct,mobile,FALSE,9,14,406,Ireland,TRUE,3,651
14,yahoo,tablet,FALSE,5,8,80,Philippines,FALSE,2,362
15,yahoo,mobile,FALSE,7,1,19,France,FALSE,7,2423
16,bing,laptop,TRUE,1,1,995,United States,FALSE,0,0
17,bing,tablet,FALSE,5,16,368,Peru,TRUE,6,1049
18,google,tablet,TRUE,7,1,406,China,FALSE,0,0
19,social,tablet,FALSE,7,10,290,Colombia,TRUE,9,1304
20,social,tablet,FALSE,2,1,28,Namibia,FALSE,7,2077
21,direct,laptop,TRUE,2,1,384,China,FALSE,0,0
22,google,mobile,TRUE,5,1,147,Brazil,FALSE,0,0
23,bing,mobile,FALSE,0,7,196,Russia,FALSE,4,237
24,social,laptop,TRUE,4,1,850,Ukraine,FALSE,0,0
25,yahoo,laptop,TRUE,1,1,779,Brazil,FALSE,0,0
26,social,laptop,TRUE,7,1,574,Australia,FALSE,0,0
27,direct,tablet,FALSE,2,19,342,Japan,TRUE,5,622
28,google,laptop,TRUE,9,1,126,Russia,FALSE,0,0
29,google,mobile,TRUE,10,1,338,Russia,FALSE,0,0
30,yahoo,mobile,FALSE,8,9,225,Colombia,FALSE,0,0
31,social,tablet,TRUE,2,1,795,Japan,FALSE,0,0
32,direct,mobile,TRUE,2,1,501,El Salvador,FALSE,0,0
33,direct,laptop,TRUE,8,1,658,Colombia,FALSE,0,0
34,social,tablet,FALSE,9,20,420,Indonesia,TRUE,7,1613
35,direct,mobile,TRUE,6,1,404,Argentina,FALSE,0,0
36,bing,mobile,FALSE,1,1,25,Ireland,FALSE,10,1885
37,bing,laptop,TRUE,0,1,897,Vietnam,FALSE,0,0
38,yahoo,mobile,TRUE,3,1,700,Canada,FALSE,0,0
39,google,mobile,TRUE,0,1,796,Sweden,FALSE,0,0
40,google,mobile,TRUE,10,1,479,Cameroon,FALSE,0,0
41,bing,mobile,FALSE,4,20,440,Czech Republic,TRUE,3,184
42,direct,mobile,FALSE,1,13,234,Indonesia,FALSE,0,0
43,bing,laptop,TRUE,0,1,456,Portugal,FALSE,0,0
44,yahoo,tablet,FALSE,7,11,264,Somalia,FALSE,0,0
45,bing,laptop,TRUE,7,1,867,China,FALSE,0,0
46,yahoo,tablet,TRUE,7,1,799,Indonesia,FALSE,0,0
47,bing,mobile,TRUE,6,1,843,Sweden,FALSE,0,0
48,yahoo,laptop,TRUE,4,1,781,Uruguay,FALSE,0,0
49,social,mobile,FALSE,1,2,44,France,FALSE,10,1515
50,bing,tablet,TRUE,5,1,831,Iran,FALSE,0,0
51,direct,mobile,TRUE,9,1,898,China,FALSE,0,0
52,bing,mobile,TRUE,7,1,569,Brazil,FALSE,0,0
53,social,tablet,FALSE,3,12,324,China,FALSE,0,0
54,social,tablet,TRUE,4,1,53,Nigeria,FALSE,0,0
55,direct,mobile,TRUE,0,1,566,United States,FALSE,0,0
56,google,tablet,FALSE,1,19,304,Colombia,FALSE,0,0
57,google,laptop,FALSE,1,8,136,Russia,FALSE,2,1532
58,google,tablet,FALSE,9,3,57,Brazil,FALSE,0,0
59,yahoo,tablet,TRUE,9,1,706,Philippines,FALSE,0,0
60,bing,laptop,TRUE,4,1,748,Russia,FALSE,0,0
61,google,laptop,TRUE,0,1,75,Greece,FALSE,0,0
62,direct,tablet,TRUE,8,1,814,Philippines,FALSE,0,0
63,direct,mobile,FALSE,10,1,17,China,FALSE,0,0
64,yahoo,tablet,FALSE,3,5,140,Latvia,FALSE,6,2798
65,yahoo,laptop,FALSE,5,8,136,Finland,FALSE,9,370
66,google,tablet,FALSE,6,6,114,China,FALSE,0,0
67,yahoo,tablet,TRUE,3,1,332,France,FALSE,0,0
68,direct,mobile,TRUE,7,1,912,France,FALSE,0,0
69,bing,tablet,TRUE,1,1,406,Turkmenistan,FALSE,0,0
70,bing,mobile,TRUE,5,1,190,China,FALSE,0,0
71,social,laptop,TRUE,0,1,874,Brazil,FALSE,0,0
72,social,laptop,FALSE,5,16,176,Panama,FALSE,5,2216
73,google,tablet,TRUE,4,1,565,China,FALSE,0,0
74,social,tablet,TRUE,5,1,934,Brazil,FALSE,0,0
75,direct,tablet,TRUE,9,1,47,Russia,FALSE,0,0
76,yahoo,tablet,FALSE,5,3,78,Russia,FALSE,3,632
77,yahoo,laptop,TRUE,4,1,928,Peru,FALSE,0,0
78,social,laptop,FALSE,4,19,399,Russia,FALSE,0,0
79,bing,mobile,TRUE,9,1,823,Nicaragua,FALSE,0,0
80,social,laptop,FALSE,8,12,276,Indonesia,FALSE,0,0
81,social,laptop,TRUE,8,1,581,Indonesia,FALSE,0,0
82,direct,tablet,TRUE,7,1,219,Thailand,FALSE,0,0
83,social,mobile,TRUE,5,1,613,Ecuador,FALSE,0,0
84,yahoo,tablet,TRUE,4,1,804,Sweden,FALSE,0,0
85,google,tablet,TRUE,3,1,652,Sierra Leone,FALSE,0,0
86,yahoo,tablet,TRUE,0,1,824,Austria,FALSE,0,0
87,social,tablet,FALSE,9,16,432,Sweden,FALSE,0,0
88,yahoo,tablet,FALSE,3,11,176,Philippines,FALSE,0,0
89,direct,mobile,FALSE,4,8,144,Ecuador,FALSE,1,2001
90,bing,mobile,FALSE,7,1,22,Indonesia,FALSE,0,0
91,social,laptop,TRUE,3,1,365,Indonesia,FALSE,0,0
92,google,mobile,FALSE,5,8,192,Indonesia,FALSE,1,1273
93,google,laptop,TRUE,9,1,869,Poland,FALSE,0,0
94,yahoo,tablet,FALSE,2,16,480,China,TRUE,9,286
95,social,tablet,TRUE,1,1,566,Portugal,FALSE,0,0
96,direct,tablet,FALSE,10,3,57,China,FALSE,4,722
97,bing,tablet,TRUE,2,1,292,Democratic Republic of the Congo,FALSE,0,0
98,bing,mobile,FALSE,3,18,288,Portugal,TRUE,6,764
99,yahoo,mobile,TRUE,1,1,73,Indonesia,FALSE,0,0
100,google,laptop,TRUE,5,1,751,Portugal,FALSE,0,0
101,yahoo,tablet,FALSE,2,14,364,Poland,TRUE,6,1667
102,google,mobile,FALSE,2,3,69,Bahamas,FALSE,3,583
103,direct,laptop,FALSE,0,7,196,Portugal,FALSE,0,0
104,yahoo,tablet,FALSE,6,18,432,France,FALSE,0,0
105,direct,mobile,TRUE,1,1,423,Mexico,FALSE,0,0
106,direct,mobile,TRUE,6,1,227,China,FALSE,0,0
107,social,mobile,TRUE,2,1,267,Brazil,FALSE,0,0
108,google,laptop,TRUE,9,1,174,China,FALSE,0,0
109,google,tablet,TRUE,9,1,382,Chile,FALSE,0,0
110,direct,mobile,FALSE,5,5,55,Russia,FALSE,0,0
111,social,tablet,TRUE,9,1,717,Bhutan,FALSE,0,0
112,social,mobile,FALSE,10,11,242,Argentina,TRUE,4,287
113,yahoo,tablet,FALSE,7,16,224,Sri Lanka,FALSE,3,1482
114,bing,tablet,FALSE,0,14,280,Brazil,FALSE,0,0
115,google,laptop,FALSE,1,6,72,Ghana,FALSE,9,2514
116,direct,mobile,TRUE,10,1,675,Indonesia,FALSE,0,0
117,bing,tablet,FALSE,6,16,176,Swaziland,FALSE,0,0
118,direct,laptop,FALSE,2,16,400,Brazil,FALSE,0,0
119,bing,laptop,TRUE,1,1,938,China,FALSE,0,0
120,yahoo,mobile,FALSE,2,5,95,China,FALSE,6,1772
121,direct,laptop,TRUE,4,1,468,Russia,FALSE,0,0
122,direct,laptop,TRUE,3,1,768,Argentina,FALSE,0,0
123,bing,mobile,TRUE,5,1,751,Yemen,FALSE,0,0
124,social,mobile,TRUE,0,1,345,Indonesia,FALSE,0,0
125,yahoo,mobile,FALSE,6,14,322,China,TRUE,3,1443
126,direct,mobile,TRUE,6,1,981,Peru,FALSE,0,0
127,social,tablet,TRUE,2,1,576,Belarus,FALSE,0,0
128,bing,tablet,FALSE,9,2,50,United States,FALSE,0,0
129,google,tablet,TRUE,8,1,249,Brazil,FALSE,0,0
130,direct,laptop,TRUE,6,1,178,Italy,FALSE,0,0
131,bing,tablet,FALSE,3,15,195,France,FALSE,2,489
132,bing,tablet,FALSE,0,3,42,Chile,FALSE,0,0
133,direct,mobile,FALSE,2,4,76,Poland,FALSE,0,0
134,google,mobile,FALSE,1,18,252,Indonesia,TRUE,3,2449
135,social,mobile,FALSE,0,3,78,Indonesia,FALSE,0,0
136,yahoo,tablet,FALSE,0,20,200,Indonesia,FALSE,0,0
137,yahoo,mobile,FALSE,5,3,30,Thailand,FALSE,0,0
138,yahoo,tablet,TRUE,6,1,297,China,FALSE,0,0
139,yahoo,laptop,FALSE,8,6,60,Greece,FALSE,9,287
140,social,laptop,TRUE,5,1,286,Sweden,FALSE,0,0
141,yahoo,tablet,TRUE,1,1,949,Japan,FALSE,0,0
142,google,laptop,FALSE,1,7,126,Brazil,FALSE,0,0
143,social,mobile,FALSE,7,16,352,Sweden,TRUE,10,2824
144,social,tablet,TRUE,3,1,225,Japan,FALSE,0,0
145,google,laptop,FALSE,5,9,261,Portugal,TRUE,6,2086
146,google,laptop,TRUE,7,1,792,Greece,FALSE,0,0
147,direct,tablet,FALSE,4,5,55,Panama,FALSE,1,2055
148,yahoo,laptop,TRUE,5,1,739,China,FALSE,0,0
149,bing,tablet,FALSE,6,3,54,Sweden,FALSE,2,393
150,bing,laptop,FALSE,5,10,190,China,FALSE,0,0
151,social,tablet,TRUE,6,1,133,Russia,FALSE,0,0
152,yahoo,mobile,FALSE,6,3,39,Argentina,FALSE,3,907
153,google,tablet,TRUE,10,1,86,China,FALSE,0,0
154,social,laptop,TRUE,0,1,720,China,FALSE,0,0
155,google,mobile,FALSE,8,10,240,Brazil,FALSE,0,0
156,direct,mobile,FALSE,4,18,324,China,TRUE,3,1670
157,social,laptop,FALSE,9,6,66,Faroe Islands,FALSE,0,0
158,google,tablet,FALSE,7,12,324,Philippines,TRUE,2,1358
159,social,laptop,FALSE,2,16,288,Finland,TRUE,3,1833
160,yahoo,tablet,TRUE,6,1,67,Philippines,FALSE,0,0
161,google,laptop,TRUE,5,1,806,Peru,FALSE,0,0
162,social,tablet,TRUE,8,1,502,Ukraine,FALSE,0,0
163,social,laptop,TRUE,1,1,35,Netherlands,FALSE,0,0
164,social,mobile,TRUE,10,1,479,Russia,FALSE,0,0
165,social,laptop,FALSE,5,3,90,Vietnam,FALSE,0,0
166,direct,tablet,FALSE,6,20,580,Sudan,TRUE,5,1155
167,social,mobile,FALSE,2,2,36,Honduras,FALSE,8,837
168,direct,tablet,FALSE,7,15,240,China,FALSE,0,0
169,direct,laptop,FALSE,6,6,96,Albania,FALSE,0,0
170,bing,tablet,TRUE,0,1,985,United States,FALSE,0,0
171,direct,laptop,FALSE,7,5,95,Republic of the Congo,FALSE,0,0
172,yahoo,laptop,TRUE,8,1,109,Sweden,FALSE,0,0
173,google,mobile,FALSE,2,9,162,Russia,FALSE,5,358
174,bing,mobile,FALSE,9,1,22,Indonesia,FALSE,0,0
175,yahoo,mobile,FALSE,4,13,364,Colombia,FALSE,0,0
176,yahoo,laptop,TRUE,2,1,506,Madagascar,FALSE,0,0
177,bing,laptop,FALSE,5,1,20,Thailand,FALSE,3,1252
178,direct,mobile,FALSE,9,15,210,Indonesia,FALSE,0,0
179,google,laptop,TRUE,2,1,773,Nigeria,FALSE,0,0
180,yahoo,tablet,TRUE,6,1,680,China,FALSE,0,0
181,bing,mobile,TRUE,9,1,650,Poland,FALSE,0,0
182,bing,mobile,FALSE,9,2,42,Indonesia,FALSE,8,2429
183,bing,mobile,FALSE,3,15,450,Czech Republic,FALSE,0,0
184,social,laptop,TRUE,5,1,544,Ireland,FALSE,0,0
185,google,mobile,FALSE,8,2,44,Philippines,FALSE,0,0
186,google,tablet,TRUE,5,1,169,China,FALSE,0,0
187,bing,laptop,FALSE,1,2,22,Brazil,FALSE,1,1286
188,yahoo,tablet,TRUE,3,1,664,China,FALSE,0,0
189,direct,mobile,TRUE,2,1,338,Pakistan,FALSE,0,0
190,social,tablet,FALSE,4,8,80,Brazil,FALSE,0,0
191,bing,mobile,TRUE,4,1,366,New Zealand,FALSE,0,0
192,bing,laptop,TRUE,1,1,989,China,FALSE,0,0
193,yahoo,tablet,FALSE,1,12,156,United States,FALSE,4,1578
194,google,laptop,TRUE,3,1,978,Belarus,FALSE,0,0
195,direct,laptop,TRUE,3,1,510,Poland,FALSE,0,0
196,direct,laptop,FALSE,5,18,540,Russia,FALSE,0,0
197,bing,mobile,TRUE,1,1,67,Greece,FALSE,0,0
198,bing,tablet,TRUE,0,1,352,Ukraine,FALSE,0,0
199,yahoo,laptop,FALSE,10,11,110,China,FALSE,0,0
200,google,tablet,TRUE,10,1,905,Argentina,FALSE,0,0
201,social,laptop,FALSE,7,15,210,Armenia,FALSE,0,0
202,yahoo,tablet,FALSE,9,13,182,Brazil,FALSE,0,0
203,direct,tablet,TRUE,6,1,54,Serbia,FALSE,0,0
204,direct,tablet,TRUE,5,1,32,Russia,FALSE,0,0
205,yahoo,tablet,TRUE,0,1,28,South Korea,FALSE,0,0
206,google,mobile,TRUE,7,1,241,Somalia,FALSE,0,0
207,google,tablet,FALSE,10,8,200,China,FALSE,0,0
208,bing,tablet,FALSE,0,2,52,Denmark,FALSE,1,178
209,yahoo,laptop,TRUE,3,1,373,Serbia,FALSE,0,0
210,social,mobile,TRUE,10,1,102,Guatemala,FALSE,0,0
211,bing,tablet,TRUE,4,1,493,Nicaragua,FALSE,0,0
212,social,tablet,TRUE,4,1,578,United States,FALSE,0,0
213,bing,laptop,TRUE,7,1,811,China,FALSE,0,0
214,direct,laptop,FALSE,8,10,210,France,FALSE,0,0
215,yahoo,mobile,TRUE,10,1,594,Denmark,FALSE,0,0
216,yahoo,laptop,TRUE,3,1,812,Brazil,FALSE,0,0
217,google,mobile,FALSE,9,9,135,Poland,FALSE,4,1758
218,social,laptop,TRUE,5,1,553,Palestinian Territory,FALSE,0,0
219,social,mobile,FALSE,1,20,520,United States,TRUE,5,1021
220,social,tablet,FALSE,6,6,108,Portugal,FALSE,0,0
221,direct,tablet,FALSE,6,19,304,Indonesia,TRUE,9,2208
222,direct,laptop,FALSE,8,5,150,Indonesia,FALSE,4,2373
223,social,tablet,FALSE,1,8,128,Indonesia,FALSE,0,0
224,social,mobile,FALSE,5,7,140,Ukraine,FALSE,0,0
225,direct,tablet,FALSE,3,12,324,Norway,TRUE,10,1257
226,google,laptop,TRUE,7,1,928,Mexico,FALSE,0,0
227,yahoo,mobile,FALSE,0,13,351,United States,TRUE,10,288
228,direct,tablet,TRUE,10,1,497,Mexico,FALSE,0,0
229,google,mobile,TRUE,10,1,948,Greece,FALSE,0,0
230,bing,tablet,FALSE,8,6,180,Costa Rica,FALSE,0,0
231,bing,tablet,TRUE,0,1,697,Portugal,FALSE,0,0
232,social,laptop,FALSE,8,2,60,Afghanistan,FALSE,0,0
233,google,tablet,FALSE,3,3,78,China,FALSE,0,0
234,social,tablet,TRUE,10,1,674,Portugal,FALSE,0,0
235,yahoo,laptop,TRUE,7,1,300,Brazil,FALSE,0,0
236,yahoo,tablet,TRUE,5,1,10,Poland,FALSE,0,0
237,social,laptop,TRUE,8,1,152,China,FALSE,0,0
238,yahoo,mobile,TRUE,1,1,257,Brazil,FALSE,0,0
239,social,mobile,FALSE,2,10,190,Peru,FALSE,0,0
240,direct,laptop,FALSE,6,4,104,France,FALSE,0,0
241,yahoo,mobile,FALSE,10,11,209,Netherlands,FALSE,6,1537
242,bing,mobile,FALSE,10,13,221,China,FALSE,0,0
243,bing,tablet,FALSE,6,1,22,Russia,FALSE,0,0
244,google,mobile,FALSE,5,13,390,Colombia,FALSE,0,0
245,social,laptop,TRUE,9,1,164,Brazil,FALSE,0,0
246,direct,mobile,TRUE,9,1,207,China,FALSE,0,0
247,bing,laptop,TRUE,1,1,148,China,FALSE,0,0
248,bing,tablet,TRUE,5,1,151,Macedonia,FALSE,0,0
249,google,mobile,FALSE,10,8,88,Palestinian Territory,FALSE,0,0
250,bing,laptop,TRUE,3,1,422,Russia,FALSE,0,0
251,social,tablet,FALSE,3,5,95,China,FALSE,6,2157
252,bing,tablet,TRUE,3,1,798,Indonesia,FALSE,0,0
253,google,mobile,FALSE,8,20,300,Sweden,TRUE,7,2091
254,yahoo,laptop,FALSE,8,13,364,Bosnia and Herzegovina,TRUE,3,343
255,google,tablet,TRUE,6,1,216,Peru,FALSE,0,0
256,social,laptop,FALSE,10,10,180,Honduras,FALSE,10,2629
257,bing,laptop,FALSE,5,13,286,United States,FALSE,0,0
258,google,mobile,FALSE,3,17,510,Portugal,FALSE,0,0
259,google,mobile,TRUE,3,1,553,Kenya,FALSE,0,0
260,yahoo,laptop,FALSE,10,10,290,Costa Rica,TRUE,3,2992
261,social,laptop,TRUE,0,1,581,France,FALSE,0,0
262,google,mobile,FALSE,9,17,221,France,FALSE,0,0
263,social,mobile,TRUE,10,1,432,Cuba,FALSE,0,0
264,yahoo,laptop,FALSE,7,2,30,Czech Republic,FALSE,0,0
265,bing,laptop,TRUE,10,1,777,Japan,FALSE,0,0
266,social,laptop,TRUE,8,1,735,Japan,FALSE,0,0
267,yahoo,laptop,TRUE,5,1,994,Brazil,FALSE,0,0
268,yahoo,tablet,TRUE,6,1,669,China,FALSE,0,0
269,yahoo,laptop,FALSE,9,9,135,Indonesia,FALSE,6,2633
270,yahoo,mobile,FALSE,4,9,189,Russia,FALSE,5,947
271,social,laptop,FALSE,2,5,150,China,FALSE,10,2367
272,direct,mobile,FALSE,6,12,324,China,FALSE,0,0
273,social,laptop,TRUE,4,1,794,Indonesia,FALSE,0,0
274,yahoo,mobile,FALSE,10,18,270,France,TRUE,10,813
275,bing,laptop,TRUE,8,1,484,China,FALSE,0,0
276,social,laptop,FALSE,4,20,200,Indonesia,FALSE,0,0
277,google,tablet,FALSE,8,1,22,China,FALSE,8,1179
278,yahoo,laptop,FALSE,5,11,143,Norway,FALSE,0,0
279,yahoo,laptop,FALSE,7,15,150,Sweden,FALSE,4,2251
280,yahoo,mobile,TRUE,2,1,90,Vietnam,FALSE,0,0
281,social,laptop,TRUE,10,1,81,Canada,FALSE,0,0
282,direct,laptop,TRUE,4,1,314,Malaysia,FALSE,0,0
283,social,mobile,TRUE,5,1,22,Brazil,FALSE,0,0
284,social,mobile,TRUE,9,1,803,Peru,FALSE,0,0
285,direct,mobile,FALSE,8,16,464,Indonesia,FALSE,0,0
286,google,tablet,TRUE,4,1,86,China,FALSE,0,0
287,yahoo,mobile,TRUE,7,1,520,Italy,FALSE,0,0
288,bing,tablet,FALSE,5,6,138,Honduras,FALSE,3,2929
289,yahoo,mobile,TRUE,1,1,376,Cuba,FALSE,0,0
290,bing,mobile,FALSE,4,18,414,Russia,TRUE,2,2896
291,yahoo,laptop,TRUE,5,1,611,Colombia,FALSE,0,0
292,yahoo,tablet,FALSE,0,13,390,Canada,TRUE,5,1748
293,bing,mobile,TRUE,10,1,480,Panama,FALSE,0,0
294,yahoo,laptop,FALSE,0,4,52,France,FALSE,1,610
295,bing,laptop,FALSE,10,16,304,Poland,FALSE,0,0
296,google,mobile,FALSE,5,7,133,Ukraine,FALSE,0,0
297,bing,mobile,FALSE,10,8,152,Poland,FALSE,0,0
298,bing,laptop,FALSE,5,16,192,Armenia,FALSE,4,1203
299,yahoo,laptop,FALSE,10,18,180,Afghanistan,FALSE,0,0
300,direct,laptop,TRUE,9,1,296,Libya,FALSE,0,0
301,yahoo,tablet,FALSE,7,10,240,Thailand,FALSE,1,1152
302,google,laptop,FALSE,6,9,135,Greece,FALSE,0,0
303,bing,mobile,TRUE,4,1,979,Madagascar,FALSE,0,0
304,social,laptop,TRUE,7,1,185,Venezuela,FALSE,0,0
305,bing,tablet,FALSE,2,11,220,Argentina,FALSE,6,631
306,direct,mobile,FALSE,7,7,98,Philippines,FALSE,9,632
307,google,laptop,FALSE,3,8,192,Greece,FALSE,0,0
308,yahoo,tablet,FALSE,8,14,322,China,FALSE,0,0
309,google,mobile,TRUE,0,1,327,Canada,FALSE,0,0
310,social,laptop,FALSE,6,5,50,Malawi,FALSE,0,0
311,direct,tablet,TRUE,2,1,891,Bangladesh,FALSE,0,0
312,yahoo,tablet,FALSE,1,18,270,Bosnia and Herzegovina,TRUE,4,2578
313,yahoo,laptop,FALSE,1,16,400,China,FALSE,0,0
314,yahoo,mobile,FALSE,3,20,480,China,FALSE,0,0
315,bing,tablet,FALSE,2,1,23,China,FALSE,0,0
316,direct,laptop,TRUE,2,1,149,Sweden,FALSE,0,0
317,google,mobile,FALSE,3,18,270,Poland,TRUE,3,1753
318,direct,laptop,TRUE,8,1,298,Portugal,FALSE,0,0
319,bing,laptop,FALSE,10,6,90,United Kingdom,FALSE,6,2894
320,bing,laptop,FALSE,4,3,48,Sweden,FALSE,3,2716
321,bing,tablet,FALSE,1,17,170,New Zealand,FALSE,9,2433
322,bing,tablet,TRUE,3,1,192,Uruguay,FALSE,0,0
323,google,mobile,TRUE,1,1,417,Brazil,FALSE,0,0
324,direct,laptop,FALSE,9,17,425,Niger,TRUE,2,2488
325,bing,tablet,TRUE,9,1,281,Poland,FALSE,0,0
326,yahoo,mobile,TRUE,4,1,464,Colombia,FALSE,0,0
327,bing,laptop,TRUE,2,1,646,Bulgaria,FALSE,0,0
328,direct,mobile,FALSE,9,15,375,Nicaragua,TRUE,1,714
329,bing,mobile,TRUE,3,1,490,Sweden,FALSE,0,0
330,direct,laptop,FALSE,2,4,40,China,FALSE,1,1560
331,google,mobile,TRUE,8,1,849,Bulgaria,FALSE,0,0
332,google,laptop,FALSE,5,5,125,Nigeria,FALSE,0,0
333,bing,tablet,TRUE,1,1,721,Armenia,FALSE,0,0
334,bing,mobile,FALSE,2,7,196,Russia,FALSE,0,0
335,social,tablet,TRUE,4,1,403,China,FALSE,0,0
336,yahoo,mobile,TRUE,8,1,632,Brazil,FALSE,0,0
337,bing,mobile,FALSE,8,13,169,China,FALSE,0,0
338,direct,mobile,TRUE,1,1,860,Nigeria,FALSE,0,0
339,google,tablet,TRUE,0,1,866,Japan,FALSE,0,0
340,yahoo,mobile,TRUE,9,1,565,China,FALSE,0,0
341,bing,mobile,FALSE,5,15,405,Russia,TRUE,7,2274
342,google,tablet,TRUE,1,1,73,China,FALSE,0,0
343,bing,tablet,TRUE,4,1,684,China,FALSE,0,0
344,bing,mobile,FALSE,4,9,261,China,FALSE,0,0
345,social,laptop,TRUE,8,1,64,China,FALSE,0,0
346,yahoo,tablet,FALSE,9,16,432,Djibouti,TRUE,3,2028
347,yahoo,tablet,TRUE,2,1,652,Philippines,FALSE,0,0
348,social,laptop,FALSE,10,20,280,Japan,TRUE,1,2011
349,yahoo,laptop,FALSE,2,17,374,China,FALSE,0,0
350,direct,mobile,FALSE,1,13,390,Malaysia,TRUE,6,2765
351,bing,tablet,TRUE,8,1,577,China,FALSE,0,0
352,direct,tablet,FALSE,2,17,391,Ukraine,TRUE,3,2636
353,social,tablet,TRUE,1,1,200,Croatia,FALSE,0,0
354,social,laptop,TRUE,8,1,382,Peru,FALSE,0,0
355,yahoo,laptop,FALSE,6,17,374,Thailand,TRUE,6,1648
356,bing,laptop,TRUE,4,1,750,Yemen,FALSE,0,0
357,yahoo,mobile,TRUE,0,1,287,Malaysia,FALSE,0,0
358,google,mobile,FALSE,10,5,50,Nicaragua,FALSE,0,0
359,direct,laptop,FALSE,3,13,260,Armenia,TRUE,6,2694
360,yahoo,mobile,TRUE,5,1,213,Canada,FALSE,0,0
361,bing,laptop,TRUE,4,1,913,Philippines,FALSE,0,0
362,social,mobile,FALSE,5,16,272,Macedonia,TRUE,9,2281
363,google,laptop,FALSE,2,7,154,Czech Republic,FALSE,0,0
364,bing,laptop,TRUE,3,1,369,Kenya,FALSE,0,0
365,google,laptop,FALSE,9,19,228,Greece,FALSE,0,0
366,direct,tablet,TRUE,6,1,814,China,FALSE,0,0
367,social,laptop,TRUE,2,1,550,Indonesia,FALSE,0,0
368,google,laptop,TRUE,0,1,551,Belgium,FALSE,0,0
369,social,laptop,TRUE,2,1,341,Indonesia,FALSE,0,0
370,social,tablet,FALSE,2,8,208,Azerbaijan,FALSE,0,0
371,social,laptop,TRUE,2,1,576,Colombia,FALSE,0,0
372,social,tablet,TRUE,5,1,175,Pakistan,FALSE,0,0
373,yahoo,mobile,FALSE,2,20,240,Portugal,FALSE,0,0
374,social,mobile,TRUE,5,1,527,Indonesia,FALSE,0,0
375,social,laptop,FALSE,8,16,160,Kyrgyzstan,FALSE,0,0
376,yahoo,mobile,TRUE,7,1,194,Indonesia,FALSE,0,0
377,google,mobile,TRUE,10,1,256,Mexico,FALSE,0,0
378,yahoo,mobile,TRUE,9,1,871,Indonesia,FALSE,0,0
379,bing,tablet,TRUE,2,1,24,China,FALSE,0,0
380,google,mobile,TRUE,10,1,351,Ukraine,FALSE,0,0
381,yahoo,laptop,FALSE,7,20,340,China,FALSE,0,0
382,direct,laptop,FALSE,9,4,80,Russia,FALSE,0,0
383,social,mobile,FALSE,9,19,304,Croatia,TRUE,4,2057
384,google,tablet,FALSE,1,12,216,Finland,FALSE,0,0
385,bing,tablet,FALSE,10,15,150,Portugal,FALSE,0,0
386,direct,laptop,FALSE,1,8,200,Russia,FALSE,0,0
387,yahoo,mobile,TRUE,7,1,352,China,FALSE,0,0
388,google,laptop,TRUE,1,1,958,Uzbekistan,FALSE,0,0
389,bing,mobile,FALSE,6,5,55,Indonesia,FALSE,0,0
390,social,tablet,FALSE,3,15,240,Macedonia,FALSE,6,1629
391,google,tablet,FALSE,0,6,144,Comoros,FALSE,1,1652
392,yahoo,laptop,FALSE,0,1,12,Indonesia,FALSE,0,0
393,yahoo,mobile,TRUE,9,1,524,China,FALSE,0,0
394,direct,laptop,FALSE,8,20,440,Indonesia,FALSE,0,0
395,google,mobile,FALSE,10,13,208,China,FALSE,9,1662
396,bing,mobile,FALSE,3,8,120,China,FALSE,5,472
397,yahoo,tablet,FALSE,6,5,110,China,FALSE,9,1508
398,bing,laptop,TRUE,9,1,709,China,FALSE,0,0
399,google,tablet,TRUE,5,1,82,Indonesia,FALSE,0,0
400,bing,mobile,FALSE,9,7,147,Poland,FALSE,2,139
401,bing,tablet,FALSE,1,9,135,Tajikistan,FALSE,0,0
402,bing,laptop,FALSE,0,18,180,Russia,FALSE,0,0
403,social,mobile,TRUE,4,1,425,Russia,FALSE,0,0
404,yahoo,laptop,FALSE,8,4,52,Greece,FALSE,10,2482
405,direct,mobile,FALSE,10,17,493,Indonesia,FALSE,0,0
406,bing,mobile,FALSE,10,14,140,Peru,FALSE,0,0
407,yahoo,mobile,FALSE,9,11,286,China,TRUE,8,312
408,yahoo,laptop,FALSE,3,1,29,China,FALSE,4,2605
409,direct,laptop,TRUE,9,1,244,Portugal,FALSE,0,0
410,yahoo,mobile,FALSE,6,4,52,China,FALSE,10,1255
411,direct,mobile,TRUE,6,1,937,China,FALSE,0,0
412,yahoo,mobile,TRUE,8,1,449,Brazil,FALSE,0,0
413,direct,mobile,FALSE,3,10,200,Liberia,FALSE,0,0
414,bing,tablet,FALSE,7,3,42,Madagascar,FALSE,4,260
415,yahoo,laptop,FALSE,0,4,48,Colombia,FALSE,0,0
416,direct,laptop,FALSE,6,16,368,China,TRUE,7,1729
417,social,mobile,TRUE,0,1,672,France,FALSE,0,0
418,social,tablet,TRUE,8,1,425,China,FALSE,0,0
419,social,mobile,FALSE,6,4,84,Dominican Republic,FALSE,0,0
420,google,mobile,FALSE,10,4,92,Brazil,FALSE,10,2144
421,yahoo,laptop,FALSE,8,2,42,China,FALSE,10,1288
422,yahoo,laptop,FALSE,5,18,414,Indonesia,FALSE,0,0
423,google,laptop,TRUE,5,1,304,Albania,FALSE,0,0
424,bing,tablet,TRUE,8,1,318,United States,FALSE,0,0
425,yahoo,laptop,FALSE,2,7,105,Cyprus,FALSE,10,1912
426,yahoo,mobile,FALSE,3,11,176,Belarus,FALSE,6,2642
427,bing,tablet,FALSE,1,19,361,Czech Republic,TRUE,5,44
428,google,laptop,TRUE,4,1,985,Kazakhstan,FALSE,0,0
429,social,tablet,TRUE,9,1,352,China,FALSE,0,0
430,direct,mobile,FALSE,5,10,140,Ukraine,FALSE,0,0
431,yahoo,tablet,TRUE,1,1,605,Russia,FALSE,0,0
432,yahoo,mobile,FALSE,6,1,21,Russia,FALSE,0,0
433,social,tablet,TRUE,10,1,81,Brazil,FALSE,0,0
434,direct,mobile,FALSE,6,3,57,Serbia,FALSE,2,1436
435,direct,mobile,FALSE,5,15,330,Indonesia,FALSE,0,0
436,bing,mobile,FALSE,8,20,380,Argentina,FALSE,0,0
437,google,laptop,TRUE,0,1,887,Colombia,FALSE,0,0
438,direct,tablet,TRUE,9,1,732,China,FALSE,0,0
439,google,tablet,FALSE,0,13,156,Chile,FALSE,9,969
440,yahoo,mobile,FALSE,10,16,160,Philippines,FALSE,3,1625
441,bing,laptop,TRUE,3,1,682,United States,FALSE,0,0
442,direct,tablet,TRUE,3,1,632,Jamaica,FALSE,0,0
443,social,tablet,TRUE,7,1,456,China,FALSE,0,0
444,direct,tablet,FALSE,3,1,21,Philippines,FALSE,4,793
445,social,tablet,FALSE,2,12,300,Philippines,TRUE,2,2754
446,bing,laptop,FALSE,0,1,21,Indonesia,FALSE,0,0
447,social,laptop,TRUE,0,1,809,China,FALSE,0,0
448,google,laptop,FALSE,0,19,418,Ukraine,TRUE,2,996
449,yahoo,laptop,FALSE,7,8,216,Indonesia,FALSE,0,0
450,google,laptop,TRUE,7,1,931,Hong Kong,FALSE,0,0
451,google,tablet,FALSE,5,20,220,China,FALSE,0,0
452,google,tablet,FALSE,6,14,406,East Timor,FALSE,0,0
453,bing,mobile,FALSE,8,2,48,China,FALSE,10,2826
454,direct,tablet,TRUE,10,1,970,Syria,FALSE,0,0
455,social,laptop,TRUE,2,1,806,Brazil,FALSE,0,0
456,bing,mobile,FALSE,2,2,54,Albania,FALSE,10,2182
457,social,laptop,TRUE,5,1,659,Argentina,FALSE,0,0
458,google,mobile,FALSE,8,4,52,Philippines,FALSE,0,0
459,social,tablet,TRUE,3,1,939,China,FALSE,0,0
460,social,tablet,FALSE,5,20,220,Republic of the Congo,FALSE,5,1743
461,bing,tablet,FALSE,8,17,425,Russia,FALSE,0,0
462,yahoo,mobile,TRUE,7,1,561,Croatia,FALSE,0,0
463,direct,laptop,TRUE,10,1,821,Canada,FALSE,0,0
464,google,tablet,TRUE,8,1,414,Yemen,FALSE,0,0
465,google,laptop,FALSE,1,20,220,France,FALSE,7,1436
466,direct,tablet,TRUE,5,1,581,China,FALSE,0,0
467,yahoo,laptop,FALSE,3,10,280,Peru,TRUE,3,2063
468,direct,laptop,FALSE,0,1,13,Czech Republic,FALSE,5,1598
469,yahoo,tablet,FALSE,2,20,320,Colombia,FALSE,0,0
470,social,mobile,FALSE,10,14,350,Argentina,TRUE,3,671
471,social,mobile,FALSE,0,10,160,Portugal,FALSE,0,0
472,direct,tablet,FALSE,6,13,338,Poland,TRUE,5,683
473,yahoo,laptop,TRUE,1,1,154,Vietnam,FALSE,0,0
474,direct,laptop,TRUE,0,1,23,Nigeria,FALSE,0,0
475,google,tablet,FALSE,1,18,180,China,FALSE,0,0
476,direct,mobile,TRUE,9,1,242,Poland,FALSE,0,0
477,bing,tablet,FALSE,8,2,42,Colombia,FALSE,8,364
478,yahoo,laptop,FALSE,6,19,418,China,TRUE,9,2720
479,social,mobile,TRUE,10,1,198,Japan,FALSE,0,0
480,bing,tablet,TRUE,5,1,765,China,FALSE,0,0
481,social,mobile,FALSE,3,13,208,China,FALSE,0,0
482,bing,tablet,TRUE,7,1,489,Czech Republic,FALSE,0,0
483,google,tablet,FALSE,1,5,75,Canada,FALSE,5,1622
484,direct,laptop,FALSE,4,4,80,Portugal,FALSE,8,1719
485,bing,tablet,TRUE,7,1,423,Qatar,FALSE,0,0
486,direct,tablet,FALSE,8,17,255,Czech Republic,FALSE,0,0
487,bing,laptop,FALSE,1,10,250,France,TRUE,9,697
488,google,mobile,TRUE,9,1,201,China,FALSE,0,0
489,google,tablet,FALSE,9,3,48,China,FALSE,0,0
490,direct,laptop,TRUE,0,1,70,Russia,FALSE,0,0
491,google,tablet,FALSE,8,4,80,Democratic Republic of the Congo,FALSE,9,1034
492,yahoo,laptop,FALSE,3,1,23,Albania,FALSE,0,0
493,direct,mobile,TRUE,7,1,797,Ukraine,FALSE,0,0
494,google,laptop,TRUE,0,1,913,Indonesia,FALSE,0,0
495,google,laptop,FALSE,8,18,522,Japan,TRUE,8,2367
496,google,tablet,TRUE,1,1,82,Thailand,FALSE,0,0
497,social,mobile,TRUE,10,1,463,Greece,FALSE,0,0
498,bing,mobile,FALSE,0,4,72,Iran,FALSE,0,0
499,social,tablet,FALSE,10,18,486,China,FALSE,0,0
500,bing,mobile,TRUE,9,1,574,Egypt,FALSE,0,0
501,social,mobile,TRUE,1,1,623,China,FALSE,0,0
502,bing,laptop,TRUE,7,1,516,Portugal,FALSE,0,0
503,yahoo,mobile,TRUE,9,1,626,Indonesia,FALSE,0,0
504,social,laptop,TRUE,10,1,504,China,FALSE,0,0
505,bing,tablet,FALSE,8,19,570,Thailand,TRUE,1,510
506,yahoo,laptop,TRUE,8,1,924,South Africa,FALSE,0,0
507,social,mobile,FALSE,8,6,168,France,FALSE,5,1201
508,google,laptop,FALSE,8,2,60,China,FALSE,9,1760
509,yahoo,laptop,TRUE,1,1,991,Uganda,FALSE,0,0
510,social,mobile,TRUE,0,1,436,Mongolia,FALSE,0,0
511,google,tablet,TRUE,6,1,45,South Africa,FALSE,0,0
512,direct,mobile,TRUE,1,1,477,Taiwan,FALSE,0,0
513,direct,laptop,FALSE,2,12,180,Philippines,FALSE,5,1504
514,bing,mobile,FALSE,9,3,78,Thailand,FALSE,0,0
515,yahoo,laptop,TRUE,4,1,55,China,FALSE,0,0
516,bing,mobile,TRUE,1,1,905,China,FALSE,0,0
517,bing,laptop,TRUE,6,1,802,Croatia,FALSE,0,0
518,direct,tablet,TRUE,4,1,164,Chile,FALSE,0,0
519,direct,tablet,TRUE,5,1,811,Brazil,FALSE,0,0
520,social,mobile,FALSE,1,10,170,Sweden,FALSE,3,2332
521,direct,laptop,FALSE,4,5,65,Russia,FALSE,4,153
522,google,laptop,TRUE,6,1,235,France,FALSE,0,0
523,bing,tablet,FALSE,4,15,210,Indonesia,FALSE,0,0
524,yahoo,mobile,TRUE,4,1,42,China,FALSE,0,0
525,google,laptop,TRUE,2,1,731,Russia,FALSE,0,0
526,yahoo,tablet,FALSE,10,9,153,Indonesia,FALSE,0,0
527,direct,laptop,FALSE,1,14,322,China,TRUE,9,2676
528,google,mobile,TRUE,1,1,367,Japan,FALSE,0,0
529,social,tablet,FALSE,10,10,170,Portugal,FALSE,0,0
530,google,mobile,TRUE,8,1,219,Canada,FALSE,0,0
531,yahoo,tablet,TRUE,8,1,151,Honduras,FALSE,0,0
532,google,mobile,TRUE,6,1,644,Russia,FALSE,0,0
533,social,laptop,FALSE,9,14,224,China,FALSE,9,2462
534,google,tablet,TRUE,8,1,301,South Africa,FALSE,0,0
535,google,tablet,TRUE,8,1,506,Ireland,FALSE,0,0
536,google,mobile,TRUE,10,1,221,China,FALSE,0,0
537,direct,laptop,FALSE,1,19,399,Indonesia,TRUE,2,54
538,direct,laptop,FALSE,7,10,200,Brazil,FALSE,5,2781
539,bing,mobile,FALSE,10,20,560,Nicaragua,FALSE,0,0
540,bing,tablet,TRUE,7,1,718,Thailand,FALSE,0,0
541,bing,laptop,TRUE,5,1,700,France,FALSE,0,0
542,google,mobile,FALSE,10,10,300,Greece,FALSE,0,0
543,direct,tablet,TRUE,1,1,239,Russia,FALSE,0,0
544,bing,mobile,FALSE,2,18,198,France,FALSE,0,0
545,yahoo,laptop,FALSE,7,4,88,Russia,FALSE,4,1395
546,yahoo,mobile,FALSE,10,6,90,Greece,FALSE,1,1648
547,google,laptop,TRUE,5,1,376,Belize,FALSE,0,0
548,google,mobile,FALSE,0,4,76,China,FALSE,0,0
549,social,tablet,TRUE,2,1,888,Ukraine,FALSE,0,0
550,direct,tablet,FALSE,7,17,459,Portugal,FALSE,0,0
551,social,mobile,TRUE,10,1,866,China,FALSE,0,0
552,social,tablet,FALSE,4,9,261,China,FALSE,0,0
553,direct,mobile,TRUE,10,1,144,Vietnam,FALSE,0,0
554,direct,tablet,FALSE,8,16,192,Sweden,FALSE,7,487
555,yahoo,mobile,TRUE,10,1,122,Indonesia,FALSE,0,0
556,yahoo,mobile,FALSE,4,20,260,Poland,TRUE,9,898
557,direct,mobile,TRUE,2,1,646,Brazil,FALSE,0,0
558,direct,laptop,TRUE,10,1,983,Croatia,FALSE,0,0
559,bing,laptop,TRUE,0,1,973,France,FALSE,0,0
560,social,laptop,TRUE,4,1,875,Philippines,FALSE,0,0
561,yahoo,tablet,FALSE,2,10,280,China,TRUE,4,293
562,social,laptop,TRUE,6,1,986,United States,FALSE,0,0
563,social,tablet,FALSE,5,16,272,China,TRUE,2,866
564,google,laptop,TRUE,8,1,157,Philippines,FALSE,0,0
565,google,mobile,TRUE,3,1,229,Yemen,FALSE,0,0
566,social,tablet,TRUE,5,1,957,Russia,FALSE,0,0
567,google,mobile,FALSE,3,18,522,Indonesia,TRUE,6,1270
568,yahoo,tablet,FALSE,6,16,192,United States,FALSE,0,0
569,direct,laptop,FALSE,1,20,320,Sweden,TRUE,5,2770
570,social,laptop,TRUE,2,1,274,Afghanistan,FALSE,0,0
571,direct,mobile,TRUE,10,1,433,Ethiopia,FALSE,0,0
572,social,laptop,FALSE,1,5,110,Argentina,FALSE,3,1931
573,google,laptop,TRUE,3,1,193,Brazil,FALSE,0,0
574,bing,mobile,TRUE,10,1,98,Poland,FALSE,0,0
575,bing,laptop,FALSE,1,19,380,Yemen,TRUE,4,2036
576,social,laptop,FALSE,8,3,30,Colombia,FALSE,0,0
577,direct,laptop,FALSE,7,7,154,China,FALSE,0,0
578,google,tablet,TRUE,3,1,523,Czech Republic,FALSE,0,0
579,google,tablet,FALSE,2,4,64,Venezuela,FALSE,0,0
580,bing,laptop,TRUE,7,1,362,United States,FALSE,0,0
581,google,laptop,TRUE,8,1,470,Canada,FALSE,0,0
582,social,mobile,FALSE,1,15,405,Sweden,FALSE,0,0
583,social,laptop,FALSE,1,20,420,Iran,TRUE,1,1861
584,bing,mobile,TRUE,0,1,686,Uzbekistan,FALSE,0,0
585,direct,tablet,TRUE,0,1,840,United Kingdom,FALSE,0,0
586,direct,laptop,TRUE,2,1,212,China,FALSE,0,0
587,direct,mobile,TRUE,2,1,206,Indonesia,FALSE,0,0
588,yahoo,mobile,TRUE,4,1,69,Russia,FALSE,0,0
589,social,tablet,TRUE,7,1,811,United Kingdom,FALSE,0,0
590,social,laptop,TRUE,7,1,991,Armenia,FALSE,0,0
591,direct,laptop,TRUE,2,1,624,Serbia,FALSE,0,0
592,google,mobile,FALSE,8,11,198,Portugal,FALSE,0,0
593,direct,mobile,FALSE,2,5,150,Peru,FALSE,7,2943
594,direct,laptop,TRUE,3,1,307,France,FALSE,0,0
595,yahoo,tablet,TRUE,9,1,530,China,FALSE,0,0
596,social,mobile,TRUE,1,1,958,Netherlands,FALSE,0,0
597,bing,tablet,FALSE,2,5,150,Greece,FALSE,0,0
598,yahoo,tablet,TRUE,10,1,668,Indonesia,FALSE,0,0
599,yahoo,mobile,TRUE,8,1,160,Philippines,FALSE,0,0
600,bing,laptop,FALSE,9,13,299,China,FALSE,0,0
601,direct,laptop,TRUE,7,1,262,China,FALSE,0,0
602,google,mobile,FALSE,3,12,312,South Africa,TRUE,7,968
603,google,mobile,TRUE,7,1,414,Russia,FALSE,0,0
604,bing,tablet,TRUE,6,1,567,Indonesia,FALSE,0,0
605,google,laptop,FALSE,2,17,391,United States,TRUE,9,1345
606,social,tablet,FALSE,9,17,459,Sweden,FALSE,0,0
607,google,mobile,TRUE,3,1,412,Czech Republic,FALSE,0,0
608,direct,laptop,TRUE,2,1,386,Russia,FALSE,0,0
609,google,tablet,FALSE,6,17,476,Philippines,FALSE,0,0
610,yahoo,laptop,TRUE,4,1,50,Egypt,FALSE,0,0
611,yahoo,mobile,TRUE,1,1,710,Ukraine,FALSE,0,0
612,social,mobile,FALSE,1,16,336,Philippines,TRUE,3,17
613,bing,laptop,FALSE,0,12,144,China,FALSE,4,1747
614,yahoo,laptop,FALSE,1,2,30,Russia,FALSE,1,122
615,social,laptop,TRUE,1,1,10,Finland,FALSE,0,0
616,google,laptop,TRUE,9,1,673,Russia,FALSE,0,0
617,social,tablet,TRUE,5,1,634,Nicaragua,FALSE,0,0
618,bing,laptop,TRUE,6,1,384,Russia,FALSE,0,0
619,bing,laptop,TRUE,10,1,947,Sweden,FALSE,0,0
620,bing,tablet,FALSE,1,8,144,Morocco,FALSE,0,0
621,direct,mobile,FALSE,2,12,348,Brazil,FALSE,0,0
622,google,mobile,FALSE,2,8,184,China,FALSE,5,2000
623,yahoo,tablet,TRUE,1,1,441,France,FALSE,0,0
624,bing,laptop,FALSE,8,3,57,Portugal,FALSE,0,0
625,social,mobile,FALSE,7,8,216,Tanzania,FALSE,9,2092
626,direct,tablet,FALSE,9,6,102,Ukraine,FALSE,0,0
627,direct,laptop,TRUE,1,1,251,Thailand,FALSE,0,0
628,yahoo,tablet,FALSE,7,7,168,Russia,FALSE,0,0
629,direct,tablet,TRUE,2,1,184,Japan,FALSE,0,0
630,social,mobile,FALSE,3,20,440,China,TRUE,10,75
631,social,tablet,TRUE,10,1,478,China,FALSE,0,0
632,social,tablet,FALSE,0,14,406,Indonesia,FALSE,0,0
633,direct,mobile,FALSE,6,17,459,Slovenia,FALSE,0,0
634,social,mobile,FALSE,8,9,225,Italy,FALSE,2,388
635,google,laptop,TRUE,2,1,154,China,FALSE,0,0
636,google,laptop,FALSE,10,18,450,Indonesia,TRUE,3,1782
637,yahoo,tablet,TRUE,7,1,889,Tanzania,FALSE,0,0
638,google,mobile,TRUE,3,1,545,Netherlands,FALSE,0,0
639,direct,mobile,TRUE,1,1,180,Portugal,FALSE,0,0
640,social,mobile,FALSE,8,4,100,Colombia,FALSE,4,463
641,direct,laptop,TRUE,6,1,140,Mayotte,FALSE,0,0
642,yahoo,laptop,FALSE,0,18,522,Syria,TRUE,8,1523
643,direct,tablet,FALSE,7,12,192,Indonesia,FALSE,0,0
644,bing,laptop,FALSE,5,18,234,Indonesia,FALSE,0,0
645,google,laptop,FALSE,8,16,464,Nigeria,FALSE,0,0
646,social,tablet,FALSE,8,11,143,Ethiopia,FALSE,0,0
647,social,laptop,TRUE,5,1,592,Guinea,FALSE,0,0
648,yahoo,mobile,TRUE,3,1,151,Indonesia,FALSE,0,0
649,direct,laptop,FALSE,7,4,52,Indonesia,FALSE,9,27
650,google,laptop,TRUE,3,1,565,United Kingdom,FALSE,0,0
651,social,laptop,FALSE,0,17,204,China,FALSE,0,0
652,bing,tablet,FALSE,6,9,198,Thailand,FALSE,0,0
653,direct,mobile,TRUE,6,1,501,United States,FALSE,0,0
654,direct,mobile,FALSE,10,17,272,Sweden,FALSE,0,0
655,bing,mobile,TRUE,6,1,604,Nigeria,FALSE,0,0
656,bing,laptop,FALSE,0,13,390,Philippines,TRUE,7,683
657,bing,laptop,TRUE,3,1,396,Canada,FALSE,0,0
658,google,laptop,TRUE,3,1,369,Philippines,FALSE,0,0
659,direct,mobile,FALSE,5,13,325,Sweden,FALSE,0,0
660,direct,tablet,TRUE,7,1,281,Indonesia,FALSE,0,0
661,yahoo,laptop,TRUE,1,1,63,China,FALSE,0,0
662,google,tablet,FALSE,5,2,54,China,FALSE,4,1057
663,google,tablet,TRUE,2,1,614,Pakistan,FALSE,0,0
664,direct,laptop,FALSE,8,11,154,Japan,FALSE,1,2702
665,yahoo,mobile,FALSE,4,16,272,Brazil,FALSE,0,0
666,social,mobile,TRUE,9,1,425,Indonesia,FALSE,0,0
667,google,mobile,FALSE,4,20,420,China,FALSE,0,0
668,yahoo,mobile,TRUE,9,1,773,France,FALSE,0,0
669,yahoo,tablet,TRUE,0,1,238,Mexico,FALSE,0,0
670,bing,tablet,FALSE,5,20,540,Brazil,FALSE,0,0
671,google,laptop,FALSE,2,13,169,Brazil,FALSE,0,0
672,google,tablet,TRUE,6,1,250,China,FALSE,0,0
673,bing,mobile,FALSE,10,7,119,New Zealand,FALSE,0,0
674,google,mobile,TRUE,7,1,726,Indonesia,FALSE,0,0
675,social,mobile,FALSE,6,6,96,Russia,FALSE,10,1922
676,bing,laptop,TRUE,8,1,585,China,FALSE,0,0
677,direct,tablet,TRUE,10,1,682,Afghanistan,FALSE,0,0
678,google,mobile,FALSE,3,13,364,China,TRUE,3,935
679,yahoo,laptop,TRUE,3,1,541,Thailand,FALSE,0,0
680,google,tablet,TRUE,5,1,978,Argentina,FALSE,0,0
681,bing,mobile,TRUE,8,1,195,China,FALSE,0,0
682,direct,tablet,FALSE,5,18,414,Afghanistan,TRUE,8,2006
683,direct,mobile,TRUE,8,1,310,Ukraine,FALSE,0,0
684,yahoo,tablet,TRUE,5,1,386,China,FALSE,0,0
685,social,laptop,FALSE,0,11,187,Uzbekistan,FALSE,8,1733
686,direct,tablet,FALSE,1,2,48,Mexico,FALSE,0,0
687,direct,laptop,FALSE,1,10,120,Paraguay,FALSE,10,828
688,social,mobile,TRUE,2,1,12,Botswana,FALSE,0,0
689,bing,mobile,FALSE,4,2,22,France,FALSE,3,1178
690,yahoo,mobile,FALSE,5,8,80,New Zealand,FALSE,9,2001
691,social,tablet,FALSE,9,15,405,Uzbekistan,FALSE,0,0
692,social,laptop,FALSE,5,2,26,Indonesia,FALSE,0,0
693,social,tablet,FALSE,3,2,56,Iran,FALSE,0,0
694,direct,laptop,TRUE,3,1,700,Sweden,FALSE,0,0
695,direct,mobile,TRUE,9,1,291,Indonesia,FALSE,0,0
696,google,mobile,TRUE,7,1,67,Brazil,FALSE,0,0
697,bing,tablet,TRUE,0,1,356,Greece,FALSE,0,0
698,google,mobile,FALSE,7,12,288,France,TRUE,4,1669
699,social,mobile,TRUE,8,1,619,Germany,FALSE,0,0
700,bing,tablet,FALSE,9,10,210,Comoros,FALSE,2,2302
701,yahoo,tablet,FALSE,1,10,110,France,FALSE,4,2780
702,social,tablet,TRUE,8,1,235,Palestinian Territory,FALSE,0,0
703,direct,mobile,FALSE,10,19,380,China,FALSE,0,0
704,yahoo,laptop,FALSE,1,11,231,China,FALSE,0,0
705,bing,laptop,TRUE,3,1,271,Philippines,FALSE,0,0
706,google,tablet,FALSE,3,18,468,Poland,FALSE,0,0
707,google,tablet,FALSE,1,11,220,Russia,FALSE,2,1645
708,yahoo,laptop,FALSE,7,6,150,Philippines,FALSE,10,1894
709,bing,mobile,TRUE,6,1,966,Colombia,FALSE,0,0
710,google,mobile,FALSE,6,9,135,Ukraine,FALSE,0,0
711,yahoo,tablet,FALSE,7,19,304,Honduras,FALSE,0,0
712,google,mobile,FALSE,7,19,456,China,FALSE,0,0
713,social,tablet,FALSE,10,10,290,Philippines,TRUE,9,37
714,direct,tablet,FALSE,2,18,540,Russia,TRUE,2,1368
715,google,laptop,FALSE,10,18,450,China,FALSE,0,0
716,social,tablet,TRUE,5,1,878,China,FALSE,0,0
717,yahoo,laptop,TRUE,2,1,731,Poland,FALSE,0,0
718,yahoo,mobile,TRUE,3,1,415,Indonesia,FALSE,0,0
719,direct,tablet,FALSE,10,14,252,China,FALSE,0,0
720,direct,laptop,TRUE,4,1,896,China,FALSE,0,0
721,google,mobile,FALSE,4,16,416,Thailand,FALSE,0,0
722,bing,mobile,TRUE,10,1,847,Yemen,FALSE,0,0
723,google,mobile,FALSE,5,3,66,Argentina,FALSE,4,98
724,bing,laptop,TRUE,3,1,550,Sweden,FALSE,0,0
725,direct,laptop,FALSE,6,14,336,Malta,TRUE,5,154
726,google,mobile,TRUE,0,1,132,Thailand,FALSE,0,0
727,bing,mobile,TRUE,5,1,541,Cuba,FALSE,0,0
728,direct,tablet,TRUE,8,1,528,China,FALSE,0,0
729,google,laptop,FALSE,0,3,45,China,FALSE,0,0
730,social,mobile,TRUE,5,1,155,Libya,FALSE,0,0
731,social,laptop,FALSE,8,7,105,Malaysia,FALSE,1,2876
732,yahoo,mobile,FALSE,4,18,468,Macedonia,TRUE,9,2781
733,google,laptop,TRUE,4,1,164,Russia,FALSE,0,0
734,bing,mobile,TRUE,3,1,479,Peru,FALSE,0,0
735,yahoo,tablet,FALSE,5,20,500,Norway,FALSE,0,0
736,bing,tablet,FALSE,1,14,168,Israel,FALSE,0,0
737,google,mobile,TRUE,9,1,994,Portugal,FALSE,0,0
738,yahoo,mobile,TRUE,10,1,761,Mexico,FALSE,0,0
739,social,mobile,TRUE,9,1,729,China,FALSE,0,0
740,bing,mobile,FALSE,9,2,24,Indonesia,FALSE,0,0
741,direct,tablet,FALSE,1,3,69,Philippines,FALSE,4,1268
742,google,mobile,TRUE,2,1,337,China,FALSE,0,0
743,bing,tablet,FALSE,1,18,180,Argentina,FALSE,0,0
744,bing,tablet,TRUE,2,1,489,Indonesia,FALSE,0,0
745,direct,mobile,TRUE,5,1,352,Mexico,FALSE,0,0
746,yahoo,laptop,FALSE,0,13,208,Portugal,FALSE,1,1238
747,yahoo,mobile,FALSE,10,7,140,Yemen,FALSE,0,0
748,yahoo,mobile,TRUE,7,1,124,Brazil,FALSE,0,0
749,bing,laptop,FALSE,0,17,272,Indonesia,TRUE,9,1384
750,social,laptop,TRUE,1,1,111,Indonesia,FALSE,0,0
751,bing,tablet,TRUE,4,1,892,Poland,FALSE,0,0
752,google,mobile,TRUE,0,1,851,Indonesia,FALSE,0,0
753,yahoo,laptop,FALSE,7,16,320,United States,FALSE,0,0
754,google,mobile,TRUE,9,1,409,Greece,FALSE,0,0
755,google,tablet,FALSE,8,3,69,Poland,FALSE,7,2671
756,yahoo,tablet,FALSE,6,8,224,France,FALSE,5,462
757,yahoo,tablet,TRUE,1,1,263,China,FALSE,0,0
758,direct,tablet,TRUE,4,1,141,China,FALSE,0,0
759,google,tablet,FALSE,8,2,60,Greece,FALSE,2,388
760,social,tablet,FALSE,9,6,114,China,FALSE,0,0
761,bing,mobile,FALSE,1,18,252,Sweden,FALSE,0,0
762,direct,laptop,TRUE,2,1,578,China,FALSE,0,0
763,social,laptop,TRUE,4,1,186,Brazil,FALSE,0,0
764,yahoo,mobile,TRUE,9,1,919,Comoros,FALSE,0,0
765,bing,laptop,FALSE,8,10,260,China,TRUE,7,1531
766,google,laptop,TRUE,6,1,402,Indonesia,FALSE,0,0
767,direct,tablet,FALSE,5,12,144,Poland,FALSE,4,2419
768,bing,tablet,FALSE,2,17,510,United States,FALSE,0,0
769,bing,mobile,FALSE,10,8,176,China,FALSE,0,0
770,bing,laptop,FALSE,8,6,180,China,FALSE,3,576
771,direct,tablet,TRUE,1,1,946,Philippines,FALSE,0,0
772,social,mobile,FALSE,6,9,126,Norway,FALSE,0,0
773,bing,laptop,TRUE,1,1,169,Argentina,FALSE,0,0
774,direct,laptop,TRUE,0,1,93,Japan,FALSE,0,0
775,social,laptop,FALSE,8,3,66,Morocco,FALSE,8,2717
776,direct,mobile,FALSE,7,19,570,Philippines,FALSE,0,0
777,direct,mobile,TRUE,8,1,886,Russia,FALSE,0,0
778,social,mobile,TRUE,3,1,876,Colombia,FALSE,0,0
779,social,laptop,TRUE,4,1,866,Haiti,FALSE,0,0
780,direct,mobile,FALSE,7,15,210,Tanzania,FALSE,3,1320
781,google,laptop,TRUE,2,1,863,Hungary,FALSE,0,0
782,direct,mobile,TRUE,1,1,129,Argentina,FALSE,0,0
783,social,laptop,TRUE,10,1,45,Portugal,FALSE,0,0
784,direct,tablet,FALSE,6,20,540,Indonesia,FALSE,0,0
785,direct,tablet,FALSE,3,10,260,Philippines,TRUE,7,980
786,yahoo,mobile,FALSE,8,5,115,Guatemala,FALSE,0,0
787,bing,mobile,TRUE,9,1,638,South Africa,FALSE,0,0
788,yahoo,mobile,FALSE,9,7,147,United Kingdom,FALSE,6,29
789,bing,laptop,FALSE,10,17,493,China,FALSE,0,0
790,yahoo,tablet,TRUE,2,1,772,Ukraine,FALSE,0,0
791,google,mobile,FALSE,3,16,256,Indonesia,TRUE,1,2845
792,social,laptop,FALSE,1,4,64,Malaysia,FALSE,0,0
793,bing,laptop,TRUE,5,1,135,Denmark,FALSE,0,0
794,direct,mobile,FALSE,2,9,243,Indonesia,FALSE,0,0
795,direct,tablet,TRUE,8,1,404,China,FALSE,0,0
796,google,tablet,FALSE,3,8,112,China,FALSE,0,0
797,yahoo,tablet,TRUE,10,1,406,Myanmar,FALSE,0,0
798,direct,laptop,TRUE,4,1,158,Serbia,FALSE,0,0
799,yahoo,mobile,FALSE,10,7,77,Luxembourg,FALSE,8,1503
800,social,tablet,TRUE,4,1,392,Honduras,FALSE,0,0
801,bing,mobile,FALSE,5,14,140,Peru,FALSE,0,0
802,direct,mobile,FALSE,8,15,180,Philippines,FALSE,10,68
803,yahoo,laptop,TRUE,8,1,630,Israel,FALSE,0,0
804,social,tablet,FALSE,0,2,46,Russia,FALSE,0,0
805,google,tablet,FALSE,8,3,33,China,FALSE,0,0
806,social,mobile,FALSE,0,1,30,France,FALSE,4,1516
807,google,tablet,TRUE,0,1,755,Nigeria,FALSE,0,0
808,bing,mobile,TRUE,8,1,202,Egypt,FALSE,0,0
809,yahoo,mobile,FALSE,1,19,399,Indonesia,TRUE,3,2882
810,bing,mobile,TRUE,3,1,119,Indonesia,FALSE,0,0
811,social,tablet,FALSE,3,15,435,Malaysia,FALSE,0,0
812,bing,mobile,FALSE,1,12,168,Japan,FALSE,0,0
813,direct,laptop,FALSE,0,14,252,Poland,TRUE,3,2560
814,google,mobile,FALSE,9,1,23,China,FALSE,4,26
815,yahoo,mobile,FALSE,7,19,494,China,TRUE,2,1762
816,yahoo,tablet,TRUE,5,1,251,Philippines,FALSE,0,0
817,social,laptop,TRUE,6,1,426,Nigeria,FALSE,0,0
818,social,mobile,TRUE,4,1,662,Colombia,FALSE,0,0
819,google,mobile,TRUE,0,1,134,France,FALSE,0,0
820,google,tablet,FALSE,1,9,90,Reunion,FALSE,0,0
821,social,tablet,FALSE,8,6,156,China,FALSE,0,0
822,bing,laptop,FALSE,4,11,198,China,FALSE,0,0
823,social,mobile,FALSE,7,12,132,Thailand,FALSE,0,0
824,yahoo,laptop,TRUE,2,1,997,Somalia,FALSE,0,0
825,direct,laptop,FALSE,6,17,204,United Kingdom,FALSE,7,1523
826,direct,mobile,TRUE,7,1,764,Tunisia,FALSE,0,0
827,google,tablet,FALSE,5,20,280,China,TRUE,5,2429
828,bing,tablet,FALSE,3,15,390,Peru,TRUE,8,1153
829,google,laptop,FALSE,3,20,460,China,FALSE,0,0
830,google,mobile,TRUE,3,1,918,Mexico,FALSE,0,0
831,google,tablet,TRUE,10,1,512,Malaysia,FALSE,0,0
832,direct,tablet,TRUE,1,1,103,Indonesia,FALSE,0,0
833,direct,mobile,FALSE,5,8,112,Uganda,FALSE,0,0
834,yahoo,tablet,FALSE,8,3,36,France,FALSE,0,0
835,bing,tablet,TRUE,4,1,585,Philippines,FALSE,0,0
836,social,laptop,TRUE,0,1,651,France,FALSE,0,0
837,yahoo,mobile,TRUE,7,1,632,Portugal,FALSE,0,0
838,yahoo,mobile,FALSE,10,7,126,Malawi,FALSE,10,1992
839,social,laptop,FALSE,8,15,240,Dominican Republic,FALSE,5,2991
840,direct,laptop,FALSE,0,7,161,Indonesia,FALSE,10,2235
841,yahoo,tablet,FALSE,7,18,198,China,FALSE,2,820
842,social,laptop,FALSE,8,13,364,South Korea,TRUE,4,2717
843,google,mobile,FALSE,4,10,200,China,FALSE,0,0
844,social,tablet,TRUE,5,1,752,Indonesia,FALSE,0,0
845,social,tablet,FALSE,0,7,175,China,FALSE,0,0
846,direct,tablet,TRUE,9,1,709,Russia,FALSE,0,0
847,yahoo,mobile,TRUE,0,1,895,Russia,FALSE,0,0
848,bing,mobile,FALSE,6,20,480,Thailand,FALSE,0,0
849,yahoo,tablet,FALSE,9,2,54,China,FALSE,0,0
850,bing,tablet,TRUE,3,1,134,Greece,FALSE,0,0
851,direct,laptop,TRUE,2,1,111,Portugal,FALSE,0,0
852,bing,tablet,TRUE,0,1,845,Philippines,FALSE,0,0
853,bing,tablet,FALSE,7,2,34,Afghanistan,FALSE,10,2122
854,bing,tablet,TRUE,5,1,999,France,FALSE,0,0
855,direct,laptop,TRUE,5,1,973,China,FALSE,0,0
856,social,laptop,TRUE,8,1,903,Russia,FALSE,0,0
857,google,tablet,TRUE,7,1,693,France,FALSE,0,0
858,google,tablet,TRUE,6,1,551,Indonesia,FALSE,0,0
859,yahoo,tablet,TRUE,0,1,800,Peru,FALSE,0,0
860,google,tablet,FALSE,5,10,180,Philippines,FALSE,1,1936
861,yahoo,tablet,TRUE,1,1,339,Indonesia,FALSE,0,0
862,yahoo,laptop,TRUE,7,1,55,Philippines,FALSE,0,0
863,social,tablet,TRUE,5,1,387,China,FALSE,0,0
864,direct,mobile,FALSE,10,3,33,China,FALSE,0,0
865,social,tablet,TRUE,1,1,609,Philippines,FALSE,0,0
866,social,mobile,FALSE,3,8,184,China,FALSE,0,0
867,social,tablet,TRUE,5,1,50,Russia,FALSE,0,0
868,google,tablet,FALSE,9,14,308,Democratic Republic of the Congo,TRUE,7,2436
869,bing,laptop,TRUE,6,1,199,China,FALSE,0,0
870,social,mobile,TRUE,6,1,193,Philippines,FALSE,0,0
871,yahoo,mobile,FALSE,0,15,255,China,FALSE,0,0
872,direct,mobile,TRUE,2,1,217,Macedonia,FALSE,0,0
873,direct,tablet,FALSE,4,2,26,Latvia,FALSE,10,1564
874,yahoo,mobile,FALSE,8,4,112,Russia,FALSE,7,621
875,direct,laptop,FALSE,2,4,80,United States,FALSE,0,0
876,direct,laptop,FALSE,4,2,44,United States,FALSE,8,1801
877,social,mobile,FALSE,0,8,160,Indonesia,FALSE,0,0
878,yahoo,laptop,TRUE,7,1,163,Brazil,FALSE,0,0
879,google,mobile,FALSE,2,15,210,United Kingdom,FALSE,0,0
880,direct,mobile,TRUE,2,1,357,Niue,FALSE,0,0
881,google,mobile,TRUE,7,1,301,Portugal,FALSE,0,0
882,direct,laptop,FALSE,1,14,364,Indonesia,TRUE,1,2802
883,yahoo,mobile,TRUE,4,1,377,Brazil,FALSE,0,0
884,direct,tablet,FALSE,0,18,252,Brazil,FALSE,0,0
885,social,laptop,TRUE,7,1,403,China,FALSE,0,0
886,bing,mobile,FALSE,0,16,272,Peru,FALSE,0,0
887,google,tablet,FALSE,2,14,266,Japan,FALSE,0,0
888,bing,tablet,FALSE,10,17,442,China,FALSE,0,0
889,google,mobile,FALSE,5,16,320,Argentina,TRUE,9,399
890,social,laptop,TRUE,0,1,52,Russia,FALSE,0,0
891,bing,tablet,FALSE,4,15,405,Portugal,FALSE,0,0
892,google,tablet,TRUE,8,1,891,China,FALSE,0,0
893,yahoo,laptop,FALSE,2,9,162,Thailand,FALSE,0,0
894,bing,laptop,TRUE,9,1,162,Indonesia,FALSE,0,0
895,bing,tablet,TRUE,0,1,425,China,FALSE,0,0
896,yahoo,mobile,FALSE,9,4,100,Brazil,FALSE,0,0
897,direct,mobile,FALSE,1,17,187,Colombia,FALSE,2,2094
898,bing,laptop,FALSE,7,8,112,Venezuela,FALSE,0,0
899,direct,tablet,TRUE,0,1,803,Indonesia,FALSE,0,0
900,social,tablet,FALSE,1,19,399,Philippines,TRUE,5,2043
901,yahoo,mobile,FALSE,5,12,252,Madagascar,FALSE,0,0
902,social,laptop,TRUE,2,1,297,New Zealand,FALSE,0,0
903,google,laptop,FALSE,4,9,117,Iran,FALSE,4,1725
904,social,tablet,TRUE,9,1,509,Chile,FALSE,0,0
905,bing,tablet,FALSE,5,18,216,Indonesia,FALSE,7,2826
906,yahoo,tablet,FALSE,9,2,34,Tanzania,FALSE,0,0
907,google,tablet,FALSE,7,5,60,Azerbaijan,FALSE,0,0
908,google,laptop,TRUE,5,1,484,Philippines,FALSE,0,0
909,bing,mobile,FALSE,6,18,342,Colombia,TRUE,1,637
910,google,laptop,FALSE,10,4,60,Russia,FALSE,0,0
911,bing,tablet,FALSE,5,8,216,Japan,FALSE,8,1722
912,google,laptop,TRUE,10,1,579,China,FALSE,0,0
913,direct,laptop,FALSE,2,18,324,China,TRUE,10,1736
914,bing,mobile,FALSE,4,2,46,Sweden,FALSE,5,1607
915,social,mobile,FALSE,7,1,22,Portugal,FALSE,0,0
916,social,mobile,FALSE,7,12,192,Philippines,FALSE,6,735
917,yahoo,laptop,TRUE,2,1,653,Indonesia,FALSE,0,0
918,google,mobile,TRUE,5,1,988,Bangladesh,FALSE,0,0
919,direct,laptop,TRUE,5,1,190,Thailand,FALSE,0,0
920,yahoo,mobile,TRUE,6,1,47,China,FALSE,0,0
921,bing,tablet,FALSE,1,20,280,Thailand,TRUE,5,2857
922,google,tablet,FALSE,8,10,210,Portugal,FALSE,0,0
923,google,mobile,FALSE,5,15,150,China,FALSE,0,0
924,social,tablet,FALSE,10,11,330,China,TRUE,1,2171
925,yahoo,laptop,TRUE,2,1,83,Czech Republic,FALSE,0,0
926,yahoo,mobile,FALSE,5,2,50,China,FALSE,0,0
927,social,tablet,FALSE,1,7,77,Vietnam,FALSE,0,0
928,bing,mobile,TRUE,5,1,475,Portugal,FALSE,0,0
929,social,tablet,TRUE,3,1,111,China,FALSE,0,0
930,social,tablet,FALSE,5,10,200,Saudi Arabia,FALSE,9,964
931,direct,tablet,FALSE,10,18,324,China,TRUE,10,1497
932,google,laptop,FALSE,2,17,391,Ukraine,FALSE,0,0
933,google,mobile,FALSE,9,6,96,Portugal,FALSE,8,1354
934,yahoo,mobile,FALSE,1,17,442,United States,TRUE,3,1749
935,social,tablet,TRUE,1,1,449,Slovenia,FALSE,0,0
936,google,mobile,FALSE,1,20,320,Palestinian Territory,FALSE,0,0
937,google,mobile,FALSE,3,10,190,Indonesia,FALSE,3,1421
938,google,laptop,TRUE,5,1,951,Brazil,FALSE,0,0
939,google,tablet,TRUE,5,1,391,Mali,FALSE,0,0
940,yahoo,tablet,TRUE,4,1,326,Venezuela,FALSE,0,0
941,direct,tablet,FALSE,8,5,50,Czech Republic,FALSE,7,27
942,google,tablet,TRUE,6,1,966,Cuba,FALSE,0,0
943,social,tablet,TRUE,5,1,667,China,FALSE,0,0
944,yahoo,mobile,FALSE,7,15,345,Gambia,FALSE,0,0
945,yahoo,tablet,FALSE,6,6,90,China,FALSE,0,0
946,direct,mobile,FALSE,1,15,180,Kenya,FALSE,5,1093
947,social,tablet,TRUE,9,1,157,Portugal,FALSE,0,0
948,social,tablet,FALSE,10,13,247,Brazil,FALSE,0,0
949,bing,mobile,FALSE,10,1,26,China,FALSE,0,0
950,bing,mobile,FALSE,6,12,144,France,FALSE,0,0
951,yahoo,tablet,FALSE,4,1,17,Poland,FALSE,3,1478
952,bing,tablet,FALSE,4,15,435,China,TRUE,4,389
953,yahoo,mobile,FALSE,5,5,150,Philippines,FALSE,10,2591
954,google,tablet,TRUE,8,1,617,Argentina,FALSE,0,0
955,google,mobile,TRUE,6,1,965,Netherlands,FALSE,0,0
956,google,laptop,TRUE,3,1,561,China,FALSE,0,0
957,google,tablet,FALSE,3,13,338,Czech Republic,FALSE,0,0
958,direct,tablet,TRUE,4,1,136,Poland,FALSE,0,0
959,direct,mobile,FALSE,1,9,135,Indonesia,FALSE,0,0
960,yahoo,laptop,FALSE,2,8,232,Russia,FALSE,0,0
961,direct,tablet,FALSE,3,18,522,China,TRUE,5,2648
962,yahoo,laptop,TRUE,6,1,801,Poland,FALSE,0,0
963,bing,laptop,TRUE,4,1,857,Philippines,FALSE,0,0
964,bing,mobile,TRUE,4,1,247,Greece,FALSE,0,0
965,google,laptop,FALSE,2,6,174,Peru,FALSE,0,0
966,social,tablet,TRUE,7,1,849,Honduras,FALSE,0,0
967,social,laptop,FALSE,6,10,150,Thailand,FALSE,10,1397
968,google,tablet,FALSE,4,16,448,China,TRUE,5,982
969,bing,laptop,TRUE,10,1,210,Indonesia,FALSE,0,0
970,direct,laptop,TRUE,8,1,913,United Kingdom,FALSE,0,0
971,google,laptop,TRUE,0,1,637,China,FALSE,0,0
972,google,mobile,TRUE,4,1,425,Tunisia,FALSE,0,0
973,social,mobile,TRUE,4,1,305,Peru,FALSE,0,0
974,yahoo,tablet,TRUE,3,1,212,Indonesia,FALSE,0,0
975,bing,tablet,FALSE,10,2,38,Philippines,FALSE,0,0
976,google,tablet,FALSE,1,7,112,Portugal,FALSE,0,0
977,google,laptop,TRUE,6,1,369,China,FALSE,0,0
978,direct,laptop,TRUE,1,1,433,Philippines,FALSE,0,0
979,social,tablet,FALSE,3,4,44,Poland,FALSE,8,1390
980,yahoo,mobile,FALSE,7,6,102,Portugal,FALSE,7,2006
981,google,mobile,TRUE,2,1,85,Sweden,FALSE,0,0
982,yahoo,tablet,TRUE,0,1,929,Indonesia,FALSE,0,0
983,yahoo,mobile,TRUE,3,1,636,China,FALSE,0,0
984,google,mobile,TRUE,1,1,934,Sweden,FALSE,0,0
985,social,mobile,FALSE,10,17,459,China,FALSE,0,0
986,google,laptop,TRUE,7,1,79,Thailand,FALSE,0,0
987,bing,laptop,FALSE,4,11,187,Mexico,FALSE,4,510
988,direct,laptop,FALSE,0,15,255,Indonesia,FALSE,0,0
989,yahoo,laptop,FALSE,2,12,144,Peru,FALSE,5,2397
990,social,laptop,TRUE,7,1,122,Brazil,FALSE,0,0
991,yahoo,mobile,FALSE,8,11,330,Latvia,TRUE,4,2409
992,social,tablet,FALSE,5,17,306,China,TRUE,8,1232
993,direct,tablet,TRUE,6,1,961,Albania,FALSE,0,0
994,google,tablet,TRUE,2,1,239,Indonesia,FALSE,0,0
995,google,tablet,FALSE,7,12,156,Malaysia,FALSE,0,0
996,yahoo,mobile,TRUE,9,1,123,Portugal,FALSE,0,0
997,google,laptop,FALSE,6,13,325,Thailand,TRUE,5,2250
998,social,tablet,TRUE,4,1,118,China,FALSE,0,0
999,yahoo,mobile,TRUE,1,1,714,Portugal,FALSE,0,0
1000,google,mobile,TRUE,9,1,269,China,FALSE,0,0
